{
  "method_names": [
    "rank",
    "percent",
    "rank_judges_choice"
  ],
  "metric_names": [
    "mean_closeness",
    "std_closeness",
    "top1_frequency",
    "worst_case_cvar",
    "divergence_score"
  ],
  "performance_matrix": [
    [
      0.013178680095463616,
      0.00636192029681627,
      0.0,
      0.01,
      0.49000000000000005
    ],
    [
      0.9900000000000001,
      1.1102230246251565e-16,
      1.0,
      0.9899999999999999,
      0.9784106599522684
    ],
    [
      0.01,
      0.0,
      0.0,
      0.01,
      0.4915893400477319
    ]
  ],
  "weights": [
    0.17779763231272913,
    0.3803564929007792,
    0.192781786175195,
    0.1796219319988351,
    0.06944215661146134
  ],
  "closeness_coefficients": [
    0.00115181583651651,
    0.9999999999979672,
    0.5453682097267296
  ],
  "rank_order": [
    1,
    2,
    0
  ],
  "recommended_method": "percent",
  "method_metrics": {
    "rank": {
      "mean_closeness": 0.013178680095463616,
      "std_closeness": 0.00636192029681627,
      "top1_frequency": 0.0,
      "worst_case_cvar": 0.01,
      "divergence_score": 0.49000000000000005
    },
    "percent": {
      "mean_closeness": 0.9900000000000001,
      "std_closeness": 1.1102230246251565e-16,
      "top1_frequency": 1.0,
      "worst_case_cvar": 0.9899999999999999,
      "divergence_score": 0.9784106599522684
    },
    "rank_judges_choice": {
      "mean_closeness": 0.01,
      "std_closeness": 0.0,
      "top1_frequency": 0.0,
      "worst_case_cvar": 0.01,
      "divergence_score": 0.4915893400477319
    }
  },
  "dist_to_best": [
    0.49498656749770914,
    6.6376269462078576e-15,
    0.3170741441405658
  ],
  "dist_to_worst": [
    0.0005707908132059503,
    0.49518912392947995,
    0.38035650396814646
  ]
}