{
  "method_names": [
    "rank",
    "percent",
    "rank_judges_choice"
  ],
  "metric_names": [
    "mean_closeness",
    "std_closeness",
    "top1_frequency",
    "worst_case_cvar",
    "divergence_score"
  ],
  "performance_matrix": [
    [
      0.01,
      0.0,
      0.0,
      0.01,
      0.4911414921648426
    ],
    [
      0.9062703199127127,
      0.06843575749022718,
      1.0,
      0.7083161810364658,
      0.8532639877042265
    ],
    [
      0.09601266441697254,
      0.06981804593117036,
      0.0,
      0.015826059712766818,
      0.4481351599563564
    ]
  ],
  "weights": [
    0.16789010323781586,
    0.311231120025779,
    0.23500519973759737,
    0.20653890635161756,
    0.07933467064619015
  ],
  "closeness_coefficients": [
    0.38637576527290535,
    0.6185643950866605,
    0.03736606372535875
  ],
  "rank_order": [
    1,
    0,
    2
  ],
  "recommended_method": "percent",
  "method_metrics": {
    "rank": {
      "mean_closeness": 0.01,
      "std_closeness": 0.0,
      "top1_frequency": 0.0,
      "worst_case_cvar": 0.01,
      "divergence_score": 0.4911414921648426
    },
    "percent": {
      "mean_closeness": 0.9062703199127127,
      "std_closeness": 0.06843575749022718,
      "top1_frequency": 1.0,
      "worst_case_cvar": 0.7083161810364658,
      "divergence_score": 0.8532639877042265
    },
    "rank_judges_choice": {
      "mean_closeness": 0.09601266441697254,
      "std_closeness": 0.06981804593117036,
      "top1_frequency": 0.0,
      "worst_case_cvar": 0.015826059712766818,
      "divergence_score": 0.4481351599563564
    }
  },
  "dist_to_best": [
    0.3530232111614887,
    0.217862407518725,
    0.4105292297012708
  ],
  "dist_to_worst": [
    0.2222852450289351,
    0.35330191147252626,
    0.015935300824259535
  ]
}