{
  "method_names": [
    "rank",
    "percent",
    "rank_judges_choice"
  ],
  "metric_names": [
    "mean_closeness",
    "std_closeness",
    "top1_frequency",
    "worst_case_cvar",
    "divergence_score"
  ],
  "performance_matrix": [
    [
      0.1402694419259912,
      0.08368404241459812,
      0.002,
      0.026398743356177434,
      0.3647239365077691
    ],
    [
      0.8597305580740088,
      0.08368404241459812,
      0.998,
      0.6298751666083018,
      0.7245819260337734
    ],
    [
      0.13062905972197375,
      0.0791566769227448,
      0.0,
      0.024255738431594388,
      0.36949837173002165
    ]
  ],
  "weights": [
    0.14399307638403716,
    0.25050306571085024,
    0.2976459361526118,
    0.2319418590658254,
    0.07591606268567544
  ],
  "closeness_coefficients": [
    0.004743887143069062,
    0.9800620947227849,
    0.01996492794543628
  ],
  "rank_order": [
    1,
    2,
    0
  ],
  "recommended_method": "percent",
  "method_metrics": {
    "rank": {
      "mean_closeness": 0.1402694419259912,
      "std_closeness": 0.08368404241459812,
      "top1_frequency": 0.002,
      "worst_case_cvar": 0.026398743356177434,
      "divergence_score": 0.3647239365077691
    },
    "percent": {
      "mean_closeness": 0.8597305580740088,
      "std_closeness": 0.08368404241459812,
      "top1_frequency": 0.998,
      "worst_case_cvar": 0.6298751666083018,
      "divergence_score": 0.7245819260337734
    },
    "rank_judges_choice": {
      "mean_closeness": 0.13062905972197375,
      "std_closeness": 0.0791566769227448,
      "top1_frequency": 0.0,
      "worst_case_cvar": 0.024255738431594388,
      "divergence_score": 0.36949837173002165
    }
  },
  "dist_to_best": [
    0.3902513207210574,
    0.007965485631712232,
    0.3915175660938704
  ],
  "dist_to_worst": [
    0.001860132481502494,
    0.39154918363473284,
    0.007975857415051246
  ]
}