{
  "method_names": [
    "rank",
    "percent",
    "rank_judges_choice"
  ],
  "metric_names": [
    "mean_closeness",
    "std_closeness",
    "top1_frequency",
    "worst_case_cvar",
    "divergence_score"
  ],
  "performance_matrix": [
    [
      0.17413763297194404,
      0.10731242175006167,
      0.008,
      0.031735880679185785,
      0.3400498285575442
    ],
    [
      0.825862367028056,
      0.10731242175006167,
      0.992,
      0.5448594593457375,
      0.6661935415957887
    ],
    [
      0.14720694324852893,
      0.0943944412061373,
      0.0,
      0.025809445386846947,
      0.35307440276165963
    ]
  ],
  "weights": [
    0.13173039970020847,
    0.2513016488567461,
    0.30853525883830785,
    0.22988763294280076,
    0.07854505966093682
  ],
  "closeness_coefficients": [
    0.013770063124236386,
    0.955861255256479,
    0.0442466998149504
  ],
  "rank_order": [
    1,
    2,
    0
  ],
  "recommended_method": "percent",
  "method_metrics": {
    "rank": {
      "mean_closeness": 0.17413763297194404,
      "std_closeness": 0.10731242175006167,
      "top1_frequency": 0.008,
      "worst_case_cvar": 0.031735880679185785,
      "divergence_score": 0.3400498285575442
    },
    "percent": {
      "mean_closeness": 0.825862367028056,
      "std_closeness": 0.10731242175006167,
      "top1_frequency": 0.992,
      "worst_case_cvar": 0.5448594593457375,
      "divergence_score": 0.6661935415957887
    },
    "rank_judges_choice": {
      "mean_closeness": 0.14720694324852893,
      "std_closeness": 0.0943944412061373,
      "top1_frequency": 0.0,
      "worst_case_cvar": 0.025809445386846947,
      "divergence_score": 0.35307440276165963
    }
  },
  "dist_to_best": [
    0.3893551698256013,
    0.018163828831567613,
    0.3932573772547369
  ],
  "dist_to_worst": [
    0.005436303508737907,
    0.3933528316006402,
    0.018205891748509055
  ]
}