{
  "method_names": [
    "rank",
    "percent",
    "rank_judges_choice"
  ],
  "metric_names": [
    "mean_closeness",
    "std_closeness",
    "top1_frequency",
    "worst_case_cvar",
    "divergence_score"
  ],
  "performance_matrix": [
    [
      0.16223925471748799,
      0.08837512020885858,
      0.0,
      0.03415759898374963,
      0.3383353307164995
    ],
    [
      0.7520241089128223,
      0.12388189335161322,
      0.96,
      0.4567254877316714,
      0.552096525744513
    ],
    [
      0.24797589108717769,
      0.12388189335161322,
      0.04,
      0.05744331997050019,
      0.29949783139770303
    ]
  ],
  "weights": [
    0.1129285726732292,
    0.24921494318488732,
    0.3297545404627867,
    0.21444916317777923,
    0.09365278050031757
  ],
  "closeness_coefficients": [
    0.1034576392607776,
    0.8972228661279863,
    0.05320141603503589
  ],
  "rank_order": [
    1,
    0,
    2
  ],
  "recommended_method": "percent",
  "method_metrics": {
    "rank": {
      "mean_closeness": 0.16223925471748799,
      "std_closeness": 0.08837512020885858,
      "top1_frequency": 0.0,
      "worst_case_cvar": 0.03415759898374963,
      "divergence_score": 0.3383353307164995
    },
    "percent": {
      "mean_closeness": 0.7520241089128223,
      "std_closeness": 0.12388189335161322,
      "top1_frequency": 0.96,
      "worst_case_cvar": 0.4567254877316714,
      "divergence_score": 0.552096525744513
    },
    "rank_judges_choice": {
      "mean_closeness": 0.24797589108717769,
      "std_closeness": 0.12388189335161322,
      "top1_frequency": 0.04,
      "worst_case_cvar": 0.05744331997050019,
      "divergence_score": 0.29949783139770303
    }
  },
  "dist_to_best": [
    0.3932788989604499,
    0.0450956411985282,
    0.3770881675688412
  ],
  "dist_to_worst": [
    0.04538291578780663,
    0.3936755085747482,
    0.021188904192018545
  ]
}