{
  "method_names": [
    "rank",
    "percent",
    "rank_judges_choice"
  ],
  "metric_names": [
    "mean_closeness",
    "std_closeness",
    "top1_frequency",
    "worst_case_cvar",
    "divergence_score"
  ],
  "performance_matrix": [
    [
      0.01,
      0.0,
      0.0,
      0.01,
      0.5325215576510487
    ],
    [
      0.9900000000000001,
      1.1102230246251565e-16,
      1.0,
      0.9899999999999999,
      0.9374784423489515
    ],
    [
      0.09504311530209729,
      0.06122121306857253,
      0.0,
      0.017921733579150865,
      0.49000000000000005
    ]
  ],
  "weights": [
    0.1536263183205041,
    0.3907536018709054,
    0.20230415619534822,
    0.18362365451330073,
    0.06969226909894155
  ],
  "closeness_coefficients": [
    0.5559234751984866,
    0.9999999999979997,
    0.02596214489211242
  ],
  "rank_order": [
    1,
    0,
    2
  ],
  "recommended_method": "percent",
  "method_metrics": {
    "rank": {
      "mean_closeness": 0.01,
      "std_closeness": 0.0,
      "top1_frequency": 0.0,
      "worst_case_cvar": 0.01,
      "divergence_score": 0.5325215576510487
    },
    "percent": {
      "mean_closeness": 0.9900000000000001,
      "std_closeness": 1.1102230246251565e-16,
      "top1_frequency": 1.0,
      "worst_case_cvar": 0.9899999999999999,
      "divergence_score": 0.9374784423489515
    },
    "rank_judges_choice": {
      "mean_closeness": 0.09504311530209729,
      "std_closeness": 0.06122121306857253,
      "top1_frequency": 0.0,
      "worst_case_cvar": 0.017921733579150865,
      "divergence_score": 0.49000000000000005
    }
  },
  "dist_to_best": [
    0.31214378810962334,
    7.086165464563538e-16,
    0.495894832702775
  ],
  "dist_to_worst": [
    0.3907616137233075,
    0.500247583437747,
    0.013217652096775268
  ]
}