{
  "method_names": [
    "rank",
    "percent",
    "rank_judges_choice"
  ],
  "metric_names": [
    "mean_closeness",
    "std_closeness",
    "top1_frequency",
    "worst_case_cvar",
    "divergence_score"
  ],
  "performance_matrix": [
    [
      0.01,
      0.0,
      0.0,
      0.01,
      0.507072636838067
    ],
    [
      0.979666907830494,
      0.014606413555532752,
      1.0,
      0.9334315276657789,
      0.947427724907674
    ],
    [
      0.05447836584563994,
      0.041323213033811396,
      0.0,
      0.010346225915252845,
      0.48483345391524696
    ]
  ],
  "weights": [
    0.18358206005905509,
    0.30987543991965055,
    0.22409153403154344,
    0.2071854725271834,
    0.07526549346156747
  ],
  "closeness_coefficients": [
    0.45155554739299003,
    0.795654734457874,
    0.01790410142772578
  ],
  "rank_order": [
    1,
    0,
    2
  ],
  "recommended_method": "percent",
  "method_metrics": {
    "rank": {
      "mean_closeness": 0.01,
      "std_closeness": 0.0,
      "top1_frequency": 0.0,
      "worst_case_cvar": 0.01,
      "divergence_score": 0.507072636838067
    },
    "percent": {
      "mean_closeness": 0.979666907830494,
      "std_closeness": 0.014606413555532752,
      "top1_frequency": 1.0,
      "worst_case_cvar": 0.9334315276657789,
      "divergence_score": 0.947427724907674
    },
    "rank_judges_choice": {
      "mean_closeness": 0.05447836584563994,
      "std_closeness": 0.041323213033811396,
      "top1_frequency": 0.0,
      "worst_case_cvar": 0.010346225915252845,
      "divergence_score": 0.48483345391524696
    }
  },
  "dist_to_best": [
    0.3548535944826271,
    0.10326951204077757,
    0.456486025666657
  ],
  "dist_to_worst": [
    0.2921647002531397,
    0.4020982622876376,
    0.00832196948971547
  ]
}