{
  "method_names": [
    "rank",
    "percent",
    "rank_judges_choice"
  ],
  "metric_names": [
    "mean_closeness",
    "std_closeness",
    "top1_frequency",
    "worst_case_cvar",
    "divergence_score"
  ],
  "performance_matrix": [
    [
      0.24960933584771608,
      0.12803384649439614,
      0.0,
      0.05552673748413532,
      0.2566376580210361
    ],
    [
      0.7387068771996957,
      0.13172369223888045,
      0.95,
      0.4294751812340691,
      0.4965551236210308
    ],
    [
      0.2612931228003043,
      0.13172369223888047,
      0.05,
      0.0591045822262268,
      0.2516012525525829
    ]
  ],
  "weights": [
    0.10678996208611337,
    0.2510750711192251,
    0.35190742208028347,
    0.20618466470243393,
    0.08404288001094422
  ],
  "closeness_coefficients": [
    0.010292257178889956,
    0.9898507786285814,
    0.046447243017021356
  ],
  "rank_order": [
    1,
    2,
    0
  ],
  "recommended_method": "percent",
  "method_metrics": {
    "rank": {
      "mean_closeness": 0.24960933584771608,
      "std_closeness": 0.12803384649439614,
      "top1_frequency": 0.0,
      "worst_case_cvar": 0.05552673748413532,
      "divergence_score": 0.2566376580210361
    },
    "percent": {
      "mean_closeness": 0.7387068771996957,
      "std_closeness": 0.13172369223888045,
      "top1_frequency": 0.95,
      "worst_case_cvar": 0.4294751812340691,
      "divergence_score": 0.4965551236210308
    },
    "rank_judges_choice": {
      "mean_closeness": 0.2612931228003043,
      "std_closeness": 0.13172369223888047,
      "top1_frequency": 0.05,
      "worst_case_cvar": 0.0591045822262268,
      "divergence_score": 0.2516012525525829
    }
  },
  "dist_to_best": [
    0.39966628677465404,
    0.004098480839855118,
    0.3825639813292188
  ],
  "dist_to_worst": [
    0.004156245355322563,
    0.39972371308595395,
    0.01863456644666917
  ]
}