{
  "method_names": [
    "rank",
    "percent",
    "rank_judges_choice"
  ],
  "metric_names": [
    "mean_closeness",
    "std_closeness",
    "top1_frequency",
    "worst_case_cvar",
    "divergence_score"
  ],
  "performance_matrix": [
    [
      0.01,
      0.0,
      0.0,
      0.01,
      0.49165495166481865
    ],
    [
      0.9566450082617803,
      0.032581446582813034,
      1.0,
      0.8599421865000773,
      0.928312560727852
    ],
    [
      0.04666489506785692,
      0.034928551812957946,
      0.0,
      0.01001038829054111,
      0.47332250413089016
    ]
  ],
  "weights": [
    0.18587189804977777,
    0.3065339189562729,
    0.2258824651218309,
    0.20754171814008793,
    0.07416999973103044
  ],
  "closeness_coefficients": [
    0.3855431824103467,
    0.6310709143133033,
    0.016706132034273104
  ],
  "rank_order": [
    1,
    0,
    2
  ],
  "recommended_method": "percent",
  "method_metrics": {
    "rank": {
      "mean_closeness": 0.01,
      "std_closeness": 0.0,
      "top1_frequency": 0.0,
      "worst_case_cvar": 0.01,
      "divergence_score": 0.49165495166481865
    },
    "percent": {
      "mean_closeness": 0.9566450082617803,
      "std_closeness": 0.032581446582813034,
      "top1_frequency": 1.0,
      "worst_case_cvar": 0.8599421865000773,
      "divergence_score": 0.928312560727852
    },
    "rank_judges_choice": {
      "mean_closeness": 0.04666489506785692,
      "std_closeness": 0.034928551812957946,
      "top1_frequency": 0.0,
      "worst_case_cvar": 0.01001038829054111,
      "divergence_score": 0.47332250413089016
    }
  },
  "dist_to_best": [
    0.3572465651802573,
    0.20909010788868623,
    0.41877531001391916
  ],
  "dist_to_worst": [
    0.2241556667650628,
    0.35765866850592304,
    0.007114979407200721
  ]
}