{
  "method_names": [
    "rank",
    "percent",
    "rank_judges_choice"
  ],
  "metric_names": [
    "mean_closeness",
    "std_closeness",
    "top1_frequency",
    "worst_case_cvar",
    "divergence_score"
  ],
  "performance_matrix": [
    [
      0.01,
      0.0,
      0.0,
      0.01,
      0.4968438210101681
    ],
    [
      0.8727357089948456,
      0.08109526069871208,
      1.0,
      0.6545054216693371,
      0.7972597424821005
    ],
    [
      0.14095193302549042,
      0.08794977568465623,
      0.0,
      0.025942763105681714,
      0.4313678544974229
    ]
  ],
  "weights": [
    0.15755460710383615,
    0.30693204512891564,
    0.2447591683210165,
    0.20339505678635902,
    0.08735912265887254
  ],
  "closeness_coefficients": [
    0.39038945110094725,
    0.6293921515744529,
    0.055176469536805904
  ],
  "rank_order": [
    1,
    0,
    2
  ],
  "recommended_method": "percent",
  "method_metrics": {
    "rank": {
      "mean_closeness": 0.01,
      "std_closeness": 0.0,
      "top1_frequency": 0.0,
      "worst_case_cvar": 0.01,
      "divergence_score": 0.4968438210101681
    },
    "percent": {
      "mean_closeness": 0.8727357089948456,
      "std_closeness": 0.08109526069871208,
      "top1_frequency": 1.0,
      "worst_case_cvar": 0.6545054216693371,
      "divergence_score": 0.7972597424821005
    },
    "rank_judges_choice": {
      "mean_closeness": 0.14095193302549042,
      "std_closeness": 0.08794977568465623,
      "top1_frequency": 0.0,
      "worst_case_cvar": 0.025942763105681714,
      "divergence_score": 0.4313678544974229
    }
  },
  "dist_to_best": [
    0.3524664201624177,
    0.20806237264989105,
    0.4085017045210946
  ],
  "dist_to_worst": [
    0.22571652106023174,
    0.3533460636107861,
    0.023855970060617238
  ]
}