{
  "method_names": [
    "rank",
    "percent",
    "rank_judges_choice"
  ],
  "metric_names": [
    "mean_closeness",
    "std_closeness",
    "top1_frequency",
    "worst_case_cvar",
    "divergence_score"
  ],
  "performance_matrix": [
    [
      0.01,
      0.0,
      0.0,
      0.01,
      0.5265363647365313
    ],
    [
      0.9900000000000001,
      1.1102230246251565e-16,
      1.0,
      0.9899999999999999,
      0.9434636352634689
    ],
    [
      0.0830727294730625,
      0.045474040950223844,
      0.0,
      0.01718510722458861,
      0.49
    ]
  ],
  "weights": [
    0.1564545292473859,
    0.38968802263799784,
    0.20121538896144056,
    0.18306777492153511,
    0.06957428423064056
  ],
  "closeness_coefficients": [
    0.5548751606289389,
    0.9999999999979969,
    0.022830745753762864
  ],
  "rank_order": [
    1,
    0,
    2
  ],
  "recommended_method": "percent",
  "method_metrics": {
    "rank": {
      "mean_closeness": 0.01,
      "std_closeness": 0.0,
      "top1_frequency": 0.0,
      "worst_case_cvar": 0.01,
      "divergence_score": 0.5265363647365313
    },
    "percent": {
      "mean_closeness": 0.9900000000000001,
      "std_closeness": 1.1102230246251565e-16,
      "top1_frequency": 1.0,
      "worst_case_cvar": 0.9899999999999999,
      "divergence_score": 0.9434636352634689
    },
    "rank_judges_choice": {
      "mean_closeness": 0.0830727294730625,
      "std_closeness": 0.045474040950223844,
      "top1_frequency": 0.0,
      "worst_case_cvar": 0.01718510722458861,
      "divergence_score": 0.49
    }
  },
  "dist_to_best": [
    0.3126152562653209,
    9.514012964394597e-16,
    0.49577779906648833
  ],
  "dist_to_worst": [
    0.3896939132422387,
    0.4996943304026404,
    0.01158343534826126
  ]
}