{
  "method_names": [
    "rank",
    "percent",
    "rank_judges_choice"
  ],
  "metric_names": [
    "mean_closeness",
    "std_closeness",
    "top1_frequency",
    "worst_case_cvar",
    "divergence_score"
  ],
  "performance_matrix": [
    [
      0.20108985664142534,
      0.10731704540519708,
      0.0,
      0.042594488578036466,
      0.3002947635622454
    ],
    [
      0.7896748266218132,
      0.11068867857211571,
      0.982,
      0.5095675644656321,
      0.5869612488355802
    ],
    [
      0.21032517337818682,
      0.11068867857211573,
      0.018,
      0.045127059775537305,
      0.29590180201009625
    ]
  ],
  "weights": [
    0.11999262241466774,
    0.2507394260740181,
    0.331668300948174,
    0.2181690155334319,
    0.07943063502870827
  ],
  "closeness_coefficients": [
    0.011167469834172113,
    0.9888979131368859,
    0.01589051377099413
  ],
  "rank_order": [
    1,
    2,
    0
  ],
  "recommended_method": "percent",
  "method_metrics": {
    "rank": {
      "mean_closeness": 0.20108985664142534,
      "std_closeness": 0.10731704540519708,
      "top1_frequency": 0.0,
      "worst_case_cvar": 0.042594488578036466,
      "divergence_score": 0.3002947635622454
    },
    "percent": {
      "mean_closeness": 0.7896748266218132,
      "std_closeness": 0.11068867857211571,
      "top1_frequency": 0.982,
      "worst_case_cvar": 0.5095675644656321,
      "divergence_score": 0.5869612488355802
    },
    "rank_judges_choice": {
      "mean_closeness": 0.21032517337818682,
      "std_closeness": 0.11068867857211573,
      "top1_frequency": 0.018,
      "worst_case_cvar": 0.045127059775537305,
      "divergence_score": 0.29590180201009625
    }
  },
  "dist_to_best": [
    0.39672549956279235,
    0.004454362653387528,
    0.39089876041784344
  ],
  "dist_to_worst": [
    0.004480455399341007,
    0.3967641388137311,
    0.0063118811701554
  ]
}