{
  "method_names": [
    "rank",
    "percent",
    "rank_judges_choice"
  ],
  "metric_names": [
    "mean_closeness",
    "std_closeness",
    "top1_frequency",
    "worst_case_cvar",
    "divergence_score"
  ],
  "performance_matrix": [
    [
      0.09389923286686236,
      0.06250045501844001,
      0.0,
      0.016284908417909666,
      0.49405301838280274
    ],
    [
      0.8674794164082671,
      0.08342057454793798,
      0.998,
      0.6429250963121921,
      0.6663793767031057
    ],
    [
      0.30842508609106317,
      0.04331063756865553,
      0.002,
      0.2243861729328736,
      0.3868522115445037
    ]
  ],
  "weights": [
    0.17759237838435127,
    0.1402155601286634,
    0.3460047613458786,
    0.23226457445751184,
    0.10392272568259471
  ],
  "closeness_coefficients": [
    0.062018019631450434,
    0.8970350149513115,
    0.19749285464996622
  ],
  "rank_order": [
    1,
    2,
    0
  ],
  "recommended_method": "percent",
  "method_metrics": {
    "rank": {
      "mean_closeness": 0.09389923286686236,
      "std_closeness": 0.06250045501844001,
      "top1_frequency": 0.0,
      "worst_case_cvar": 0.016284908417909666,
      "divergence_score": 0.49405301838280274
    },
    "percent": {
      "mean_closeness": 0.8674794164082671,
      "std_closeness": 0.08342057454793798,
      "top1_frequency": 0.998,
      "worst_case_cvar": 0.6429250963121921,
      "divergence_score": 0.6663793767031057
    },
    "rank_judges_choice": {
      "mean_closeness": 0.30842508609106317,
      "std_closeness": 0.04331063756865553,
      "top1_frequency": 0.002,
      "worst_case_cvar": 0.2243861729328736,
      "divergence_score": 0.3868522115445037
    }
  },
  "dist_to_best": [
    0.4340098913385202,
    0.04982468370033961,
    0.39003083813869904
  ],
  "dist_to_worst": [
    0.028696109866377276,
    0.43407461155693944,
    0.09598457044532636
  ]
}