{
  "method_names": [
    "rank",
    "percent",
    "rank_judges_choice"
  ],
  "metric_names": [
    "mean_closeness",
    "std_closeness",
    "top1_frequency",
    "worst_case_cvar",
    "divergence_score"
  ],
  "performance_matrix": [
    [
      0.0,
      0.0,
      0.0,
      0.0,
      0.5424660596760136
    ],
    [
      0.08493211940233211,
      0.0014661086059914873,
      0.0,
      0.08337745510606041,
      0.4999999999748476
    ],
    [
      0.9999999999496951,
      2.1092758483229596e-11,
      1.0,
      0.9999999998875054,
      0.9575339402485291
    ]
  ],
  "weights": [
    0.16493117510730826,
    0.39346289196971934,
    0.20522925859003371,
    0.16543266667668016,
    0.07094400765525845
  ],
  "closeness_coefficients": [
    0.5583071778648531,
    0.03821319238062523,
    0.9999999887180115
  ],
  "rank_order": [
    2,
    0,
    1
  ],
  "recommended_method": "rank_judges_choice",
  "method_metrics": {
    "rank": {
      "mean_closeness": 0.0,
      "std_closeness": 0.0,
      "top1_frequency": 0.0,
      "worst_case_cvar": 0.0,
      "divergence_score": 0.5424660596760136
    },
    "percent": {
      "mean_closeness": 0.08493211940233211,
      "std_closeness": 0.0014661086059914873,
      "top1_frequency": 0.0,
      "worst_case_cvar": 0.08337745510606041,
      "divergence_score": 0.4999999999748476
    },
    "rank_judges_choice": {
      "mean_closeness": 0.9999999999496951,
      "std_closeness": 2.1092758483229596e-11,
      "top1_frequency": 1.0,
      "worst_case_cvar": 0.9999999998875054,
      "divergence_score": 0.9575339402485291
    }
  },
  "dist_to_best": [
    0.3112860241786359,
    0.4930553719832921,
    5.660711432191009e-09
  ],
  "dist_to_worst": [
    0.39347078548477415,
    0.019589808920931744,
    0.501836302675263
  ]
}