{
  "method_names": [
    "rank",
    "percent",
    "rank_judges_choice"
  ],
  "metric_names": [
    "mean_closeness",
    "std_closeness",
    "top1_frequency",
    "worst_case_cvar",
    "divergence_score"
  ],
  "performance_matrix": [
    [
      0.16133536719684388,
      0.09947706444206339,
      0.0,
      0.029331295690051995,
      0.33937997336323944
    ],
    [
      0.8003416029354748,
      0.11685738046120255,
      0.978,
      0.5038928313645921,
      0.6225455093056627
    ],
    [
      0.19965839706452515,
      0.11685738046120255,
      0.022,
      0.03826503345712837,
      0.3214885658101046
    ]
  ],
  "weights": [
    0.12458488106942618,
    0.2516579088341851,
    0.31401574413971084,
    0.22823827822503104,
    0.08150318773064684
  ],
  "closeness_coefficients": [
    0.05476960986191949,
    0.9454253039475615,
    0.02515864080171653
  ],
  "rank_order": [
    1,
    0,
    2
  ],
  "recommended_method": "percent",
  "method_metrics": {
    "rank": {
      "mean_closeness": 0.16133536719684388,
      "std_closeness": 0.09947706444206339,
      "top1_frequency": 0.0,
      "worst_case_cvar": 0.029331295690051995,
      "divergence_score": 0.33937997336323944
    },
    "percent": {
      "mean_closeness": 0.8003416029354748,
      "std_closeness": 0.11685738046120255,
      "top1_frequency": 0.978,
      "worst_case_cvar": 0.5038928313645921,
      "divergence_score": 0.6225455093056627
    },
    "rank_judges_choice": {
      "mean_closeness": 0.19965839706452515,
      "std_closeness": 0.11685738046120255,
      "top1_frequency": 0.022,
      "worst_case_cvar": 0.03826503345712837,
      "divergence_score": 0.3214885658101046
    }
  },
  "dist_to_best": [
    0.3926726548401516,
    0.022675456318346554,
    0.38429801009242015
  ],
  "dist_to_worst": [
    0.02275268371973561,
    0.3928184989297795,
    0.009917937421844889
  ]
}