{
  "method_names": [
    "rank",
    "percent",
    "rank_judges_choice"
  ],
  "metric_names": [
    "mean_closeness",
    "std_closeness",
    "top1_frequency",
    "worst_case_cvar",
    "divergence_score"
  ],
  "performance_matrix": [
    [
      0.18230004931845997,
      0.10960591537210926,
      0.014,
      0.03408359354750467,
      0.34489144168094726
    ],
    [
      0.81769995068154,
      0.10960591537210926,
      0.986,
      0.5348466341162965,
      0.6626185781240506
    ],
    [
      0.12977778466751344,
      0.08352783049711066,
      0.0,
      0.02262744059732299,
      0.37024940109404986
    ]
  ],
  "weights": [
    0.13136884995373596,
    0.252195516574217,
    0.30397682165151274,
    0.23062154121214148,
    0.0818372706073928
  ],
  "closeness_coefficients": [
    0.02641915573624412,
    0.9128895233032748,
    0.08732560383215934
  ],
  "rank_order": [
    1,
    2,
    0
  ],
  "recommended_method": "percent",
  "method_metrics": {
    "rank": {
      "mean_closeness": 0.18230004931845997,
      "std_closeness": 0.10960591537210926,
      "top1_frequency": 0.014,
      "worst_case_cvar": 0.03408359354750467,
      "divergence_score": 0.34489144168094726
    },
    "percent": {
      "mean_closeness": 0.81769995068154,
      "std_closeness": 0.10960591537210926,
      "top1_frequency": 0.986,
      "worst_case_cvar": 0.5348466341162965,
      "divergence_score": 0.6626185781240506
    },
    "rank_judges_choice": {
      "mean_closeness": 0.12977778466751344,
      "std_closeness": 0.08352783049711066,
      "top1_frequency": 0.0,
      "worst_case_cvar": 0.02262744059732299,
      "divergence_score": 0.37024940109404986
    }
  },
  "dist_to_best": [
    0.38495862599812825,
    0.03735128176155038,
    0.39123885569765354
  ],
  "dist_to_worst": [
    0.010446263350602922,
    0.39142931018150123,
    0.03743412706649985
  ]
}