{
  "method_names": [
    "rank",
    "percent",
    "rank_judges_choice"
  ],
  "metric_names": [
    "mean_closeness",
    "std_closeness",
    "top1_frequency",
    "worst_case_cvar",
    "divergence_score"
  ],
  "performance_matrix": [
    [
      0.1686023975283534,
      0.10074444421800641,
      0.0,
      0.03123631148805951,
      0.4999999999999999
    ],
    [
      0.0,
      0.0,
      0.0,
      0.0,
      0.5843011987641767
    ],
    [
      1.0,
      0.0,
      1.0,
      1.0,
      0.9156988012358231
    ]
  ],
  "weights": [
    0.14420059013262881,
    0.3920828891619161,
    0.20559207863024453,
    0.18620803104336275,
    0.07191641103084757
  ],
  "closeness_coefficients": [
    0.04764858193509109,
    0.5566630160234511,
    0.9999999999980059
  ],
  "rank_order": [
    2,
    1,
    0
  ],
  "recommended_method": "rank_judges_choice",
  "method_metrics": {
    "rank": {
      "mean_closeness": 0.1686023975283534,
      "std_closeness": 0.10074444421800641,
      "top1_frequency": 0.0,
      "worst_case_cvar": 0.03123631148805951,
      "divergence_score": 0.4999999999999999
    },
    "percent": {
      "mean_closeness": 0.0,
      "std_closeness": 0.0,
      "top1_frequency": 0.0,
      "worst_case_cvar": 0.0,
      "divergence_score": 0.5843011987641767
    },
    "rank_judges_choice": {
      "mean_closeness": 1.0,
      "std_closeness": 0.0,
      "top1_frequency": 1.0,
      "worst_case_cvar": 1.0,
      "divergence_score": 0.9156988012358231
    }
  },
  "dist_to_best": [
    0.4930592073194913,
    0.31228835477217504,
    0.0
  ],
  "dist_to_worst": [
    0.024669015652434567,
    0.39211566758489225,
    0.501478623910182
  ]
}