{
  "method_names": [
    "rank",
    "percent",
    "rank_judges_choice"
  ],
  "metric_names": [
    "mean_closeness",
    "std_closeness",
    "top1_frequency",
    "worst_case_cvar",
    "divergence_score"
  ],
  "performance_matrix": [
    [
      0.01,
      0.0,
      0.0,
      0.01,
      0.5173752501978706
    ],
    [
      0.9900000000000001,
      1.1102230246251565e-16,
      1.0,
      0.9899999999999999,
      0.9526247498021296
    ],
    [
      0.06475050039574091,
      0.030030799624647515,
      0.0,
      0.015204004392956445,
      0.49
    ]
  ],
  "weights": [
    0.16107192870191625,
    0.3877012582757623,
    0.19930503827872914,
    0.18247617800466762,
    0.06944559673792451
  ],
  "closeness_coefficients": [
    0.5528934942833488,
    0.9999999999979919,
    0.017719838387755878
  ],
  "rank_order": [
    1,
    0,
    2
  ],
  "recommended_method": "percent",
  "method_metrics": {
    "rank": {
      "mean_closeness": 0.01,
      "std_closeness": 0.0,
      "top1_frequency": 0.0,
      "worst_case_cvar": 0.01,
      "divergence_score": 0.5173752501978706
    },
    "percent": {
      "mean_closeness": 0.9900000000000001,
      "std_closeness": 1.1102230246251565e-16,
      "top1_frequency": 1.0,
      "worst_case_cvar": 0.9899999999999999,
      "divergence_score": 0.9526247498021296
    },
    "rank_judges_choice": {
      "mean_closeness": 0.06475050039574091,
      "std_closeness": 0.030030799624647515,
      "top1_frequency": 0.0,
      "worst_case_cvar": 0.015204004392956445,
      "divergence_score": 0.49
    }
  },
  "dist_to_best": [
    0.31352372402753614,
    1.4333113635984807e-15,
    0.49557888172939907
  ],
  "dist_to_worst": [
    0.38770455160570005,
    0.49869143629149687,
    0.008939992922420426
  ]
}