{
  "method_names": [
    "rank",
    "percent",
    "rank_judges_choice"
  ],
  "metric_names": [
    "mean_closeness",
    "std_closeness",
    "top1_frequency",
    "worst_case_cvar",
    "divergence_score"
  ],
  "performance_matrix": [
    [
      0.20124253960691127,
      0.10749861429822109,
      0.0,
      0.04310750178777213,
      0.3012819861369035
    ],
    [
      0.7419965813095586,
      0.1290917785010566,
      0.954,
      0.4379294719777971,
      0.5211654374510852
    ],
    [
      0.2580034186904414,
      0.1290917785010566,
      0.046,
      0.05922673279883367,
      0.2766443303977119
    ]
  ],
  "weights": [
    0.10719068835439453,
    0.25075165471918065,
    0.34229493445710873,
    0.21065448865556533,
    0.08910823381275076
  ],
  "closeness_coefficients": [
    0.060892408419173434,
    0.9396197238166604,
    0.04925861074721859
  ],
  "rank_order": [
    1,
    0,
    2
  ],
  "recommended_method": "percent",
  "method_metrics": {
    "rank": {
      "mean_closeness": 0.20124253960691127,
      "std_closeness": 0.10749861429822109,
      "top1_frequency": 0.0,
      "worst_case_cvar": 0.04310750178777213,
      "divergence_score": 0.3012819861369035
    },
    "percent": {
      "mean_closeness": 0.7419965813095586,
      "std_closeness": 0.1290917785010566,
      "top1_frequency": 0.954,
      "worst_case_cvar": 0.4379294719777971,
      "divergence_score": 0.5211654374510852
    },
    "rank_judges_choice": {
      "mean_closeness": 0.2580034186904414,
      "std_closeness": 0.1290917785010566,
      "top1_frequency": 0.046,
      "worst_case_cvar": 0.05922673279883367,
      "divergence_score": 0.2766443303977119
    }
  },
  "dist_to_best": [
    0.3974482379688888,
    0.02555688389695862,
    0.37947523488361634
  ],
  "dist_to_worst": [
    0.025770828229813466,
    0.3977085516617809,
    0.019660891063217143
  ]
}