{
  "method_names": [
    "rank",
    "percent",
    "rank_judges_choice"
  ],
  "metric_names": [
    "mean_closeness",
    "std_closeness",
    "top1_frequency",
    "worst_case_cvar",
    "divergence_score"
  ],
  "performance_matrix": [
    [
      0.06627533986616313,
      0.04600562437960013,
      0.0,
      0.011158034205380878,
      0.4337246601338369
    ],
    [
      0.9143376056988162,
      0.057669313613538956,
      1.0,
      0.7532032376909902,
      0.8383687386151426
    ],
    [
      0.08566239430118384,
      0.05766931361353896,
      0.0,
      0.014815661433045127,
      0.4240311329163265
    ]
  ],
  "weights": [
    0.1703931226161459,
    0.25158324028309753,
    0.2677419028671589,
    0.23561405756823162,
    0.07466767666436609
  ],
  "closeness_coefficients": [
    0.07463980853439962,
    0.9253868385207616,
    0.00961681372339776
  ],
  "rank_order": [
    1,
    0,
    2
  ],
  "recommended_method": "percent",
  "method_metrics": {
    "rank": {
      "mean_closeness": 0.06627533986616313,
      "std_closeness": 0.04600562437960013,
      "top1_frequency": 0.0,
      "worst_case_cvar": 0.011158034205380878,
      "divergence_score": 0.4337246601338369
    },
    "percent": {
      "mean_closeness": 0.9143376056988162,
      "std_closeness": 0.057669313613538956,
      "top1_frequency": 1.0,
      "worst_case_cvar": 0.7532032376909902,
      "divergence_score": 0.8383687386151426
    },
    "rank_judges_choice": {
      "mean_closeness": 0.08566239430118384,
      "std_closeness": 0.05766931361353896,
      "top1_frequency": 0.0,
      "worst_case_cvar": 0.014815661433045127,
      "divergence_score": 0.4240311329163265
    }
  },
  "dist_to_best": [
    0.38861128248474475,
    0.03133768826678188,
    0.3878134331311424
  ],
  "dist_to_worst": [
    0.031345493340386194,
    0.3886644621102281,
    0.0037657440044843145
  ]
}