{
  "method_names": [
    "rank",
    "percent",
    "rank_judges_choice"
  ],
  "metric_names": [
    "mean_closeness",
    "std_closeness",
    "top1_frequency",
    "worst_case_cvar",
    "divergence_score"
  ],
  "performance_matrix": [
    [
      0.09413340350764234,
      0.058294261360351075,
      0.0,
      0.016287989169685685,
      0.4064406294827106
    ],
    [
      0.7475885870643357,
      0.14199704495181142,
      0.942,
      0.36990450360074617,
      0.5881466897282948
    ],
    [
      0.2524114129356643,
      0.14199704495181142,
      0.058,
      0.051012407296965726,
      0.33998406967360617
    ]
  ],
  "weights": [
    0.12781887412125736,
    0.24831587962848498,
    0.29787946750514577,
    0.21481874775093646,
    0.11116703099317543
  ],
  "closeness_coefficients": [
    0.20979616497484324,
    0.7912589038454488,
    0.09382382819447878
  ],
  "rank_order": [
    1,
    0,
    2
  ],
  "recommended_method": "percent",
  "method_metrics": {
    "rank": {
      "mean_closeness": 0.09413340350764234,
      "std_closeness": 0.058294261360351075,
      "top1_frequency": 0.0,
      "worst_case_cvar": 0.016287989169685685,
      "divergence_score": 0.4064406294827106
    },
    "percent": {
      "mean_closeness": 0.7475885870643357,
      "std_closeness": 0.14199704495181142,
      "top1_frequency": 0.942,
      "worst_case_cvar": 0.36990450360074617,
      "divergence_score": 0.5881466897282948
    },
    "rank_judges_choice": {
      "mean_closeness": 0.2524114129356643,
      "std_closeness": 0.14199704495181142,
      "top1_frequency": 0.058,
      "worst_case_cvar": 0.051012407296965726,
      "divergence_score": 0.33998406967360617
    }
  },
  "dist_to_best": [
    0.37603566215073025,
    0.09939894100185115,
    0.3589958986747489
  ],
  "dist_to_worst": [
    0.09983606294532507,
    0.37678396132921543,
    0.03716978063191084
  ]
}