{
  "method_names": [
    "rank",
    "percent",
    "rank_judges_choice"
  ],
  "metric_names": [
    "mean_closeness",
    "std_closeness",
    "top1_frequency",
    "worst_case_cvar",
    "divergence_score"
  ],
  "performance_matrix": [
    [
      0.04851264834044484,
      0.03090188628721972,
      0.0,
      0.00857264648462967,
      0.45148735165955517
    ],
    [
      0.8081154008646472,
      0.10771489571704951,
      0.99,
      0.5371617319798928,
      0.6887622291967948
    ],
    [
      0.19188459913535272,
      0.10771489571704951,
      0.01,
      0.03933250702226125,
      0.38064682833214736
    ]
  ],
  "weights": [
    0.1420221388636684,
    0.2619208612923252,
    0.2792743566614987,
    0.21899794861904742,
    0.09778469456246017
  ],
  "closeness_coefficients": [
    0.2562451787957765,
    0.7443867899884278,
    0.06736459087226006
  ],
  "rank_order": [
    1,
    0,
    2
  ],
  "recommended_method": "percent",
  "method_metrics": {
    "rank": {
      "mean_closeness": 0.04851264834044484,
      "std_closeness": 0.03090188628721972,
      "top1_frequency": 0.0,
      "worst_case_cvar": 0.00857264648462967,
      "divergence_score": 0.45148735165955517
    },
    "percent": {
      "mean_closeness": 0.8081154008646472,
      "std_closeness": 0.10771489571704951,
      "top1_frequency": 0.99,
      "worst_case_cvar": 0.5371617319798928,
      "divergence_score": 0.6887622291967948
    },
    "rank_judges_choice": {
      "mean_closeness": 0.19188459913535272,
      "std_closeness": 0.10771489571704951,
      "top1_frequency": 0.01,
      "worst_case_cvar": 0.03933250702226125,
      "divergence_score": 0.38064682833214736
    }
  },
  "dist_to_best": [
    0.3763443885162871,
    0.12943659745158537,
    0.3824970469526384
  ],
  "dist_to_worst": [
    0.129661593276475,
    0.376940195228534,
    0.027627899204447116
  ]
}