{
  "method_names": [
    "rank",
    "percent",
    "rank_judges_choice"
  ],
  "metric_names": [
    "mean_closeness",
    "std_closeness",
    "top1_frequency",
    "worst_case_cvar",
    "divergence_score"
  ],
  "performance_matrix": [
    [
      0.01,
      0.0,
      0.0,
      0.01,
      0.4924344659782339
    ],
    [
      0.9900000000000001,
      1.1102230246251565e-16,
      1.0,
      0.9899999999999999,
      0.9775655340217664
    ],
    [
      0.014868931956467681,
      0.008119500403563145,
      0.0,
      0.01,
      0.49000000000000005
    ]
  ],
  "weights": [
    0.17708001602161946,
    0.38063191661291823,
    0.19301856413997703,
    0.17983614253813773,
    0.0694333606863476
  ],
  "closeness_coefficients": [
    0.5456580060630176,
    0.9999999999979706,
    0.0017559954545991652
  ],
  "rank_order": [
    1,
    0,
    2
  ],
  "recommended_method": "percent",
  "method_metrics": {
    "rank": {
      "mean_closeness": 0.01,
      "std_closeness": 0.0,
      "top1_frequency": 0.0,
      "worst_case_cvar": 0.01,
      "divergence_score": 0.4924344659782339
    },
    "percent": {
      "mean_closeness": 0.9900000000000001,
      "std_closeness": 1.1102230246251565e-16,
      "top1_frequency": 1.0,
      "worst_case_cvar": 0.9899999999999999,
      "divergence_score": 0.9775655340217664
    },
    "rank_judges_choice": {
      "mean_closeness": 0.014868931956467681,
      "std_closeness": 0.008119500403563145,
      "top1_frequency": 0.0,
      "worst_case_cvar": 0.01,
      "divergence_score": 0.49000000000000005
    }
  },
  "dist_to_best": [
    0.31693308604156045,
    5.204585216762496e-15,
    0.49500576813773295
  ],
  "dist_to_worst": [
    0.38063194266248873,
    0.49531320854273103,
    0.0008707569240526806
  ]
}