{
  "method_names": [
    "rank",
    "percent",
    "rank_judges_choice"
  ],
  "metric_names": [
    "mean_closeness",
    "std_closeness",
    "top1_frequency",
    "worst_case_cvar",
    "divergence_score"
  ],
  "performance_matrix": [
    [
      0.034440016223918075,
      0.02105036352227539,
      0.0,
      0.0062809047940597185,
      0.4655599837760819
    ],
    [
      0.8023128272085405,
      0.10580436651583247,
      0.99,
      0.5348331598623213,
      0.6872142302087612
    ],
    [
      0.1976871727914596,
      0.10580436651583247,
      0.01,
      0.04226453615140989,
      0.38490140300022074
    ]
  ],
  "weights": [
    0.14442005994055654,
    0.2662834291837626,
    0.27256660046424186,
    0.21386265910189206,
    0.10286725130854689
  ],
  "closeness_coefficients": [
    0.28768150918178326,
    0.7130928231988926,
    0.07735627036514932
  ],
  "rank_order": [
    1,
    0,
    2
  ],
  "recommended_method": "percent",
  "method_metrics": {
    "rank": {
      "mean_closeness": 0.034440016223918075,
      "std_closeness": 0.02105036352227539,
      "top1_frequency": 0.0,
      "worst_case_cvar": 0.0062809047940597185,
      "divergence_score": 0.4655599837760819
    },
    "percent": {
      "mean_closeness": 0.8023128272085405,
      "std_closeness": 0.10580436651583247,
      "top1_frequency": 0.99,
      "worst_case_cvar": 0.5348331598623213,
      "divergence_score": 0.6872142302087612
    },
    "rank_judges_choice": {
      "mean_closeness": 0.1976871727914596,
      "std_closeness": 0.10580436651583247,
      "top1_frequency": 0.01,
      "worst_case_cvar": 0.04226453615140989,
      "divergence_score": 0.38490140300022074
    }
  },
  "dist_to_best": [
    0.37050264067191807,
    0.14935853509235178,
    0.3820353315210598
  ],
  "dist_to_worst": [
    0.14963357009332767,
    0.3712228486093346,
    0.03203059582484331
  ]
}