{
  "method_names": [
    "rank",
    "percent",
    "rank_judges_choice"
  ],
  "metric_names": [
    "mean_closeness",
    "std_closeness",
    "top1_frequency",
    "worst_case_cvar",
    "divergence_score"
  ],
  "performance_matrix": [
    [
      0.5654643076817473,
      0.002864233619276738,
      0.0,
      0.5625755446830812,
      0.49999999996394373
    ],
    [
      0.0,
      0.0,
      0.0,
      0.0,
      0.7827321538048173
    ],
    [
      0.9999999999278874,
      3.084592823533996e-11,
      1.0,
      0.999999999836657,
      0.7172678460870138
    ]
  ],
  "weights": [
    0.13343064111310557,
    0.3354818482186936,
    0.25284376398853914,
    0.13347972280100937,
    0.14476402387765228
  ],
  "closeness_coefficients": [
    0.17820021115476906,
    0.5279432513259529,
    0.9824436572834533
  ],
  "rank_order": [
    2,
    1,
    0
  ],
  "recommended_method": "rank_judges_choice",
  "method_metrics": {
    "rank": {
      "mean_closeness": 0.5654643076817473,
      "std_closeness": 0.002864233619276738,
      "top1_frequency": 0.0,
      "worst_case_cvar": 0.5625755446830812,
      "divergence_score": 0.49999999996394373
    },
    "percent": {
      "mean_closeness": 0.0,
      "std_closeness": 0.0,
      "top1_frequency": 0.0,
      "worst_case_cvar": 0.0,
      "divergence_score": 0.7827321538048173
    },
    "rank_judges_choice": {
      "mean_closeness": 0.9999999999278874,
      "std_closeness": 3.084592823533996e-11,
      "top1_frequency": 1.0,
      "worst_case_cvar": 0.999999999836657,
      "divergence_score": 0.7172678460870138
    }
  },
  "dist_to_best": [
    0.42758770465258483,
    0.3015854464714934,
    0.008075617489411994
  ],
  "dist_to_worst": [
    0.0927187135975303,
    0.33728995848594023,
    0.45190728560026333
  ]
}