{
  "method_names": [
    "rank",
    "percent",
    "rank_judges_choice"
  ],
  "metric_names": [
    "mean_closeness",
    "std_closeness",
    "top1_frequency",
    "worst_case_cvar",
    "divergence_score"
  ],
  "performance_matrix": [
    [
      0.28898773382200316,
      0.1339152986614372,
      0.0,
      0.0702980786622913,
      0.49
    ],
    [
      0.9900000000000001,
      1.1102230246251565e-16,
      1.0,
      0.9899999999999999,
      0.8405061330889985
    ],
    [
      0.01,
      0.0,
      0.0,
      0.01,
      0.6294938669110017
    ]
  ],
  "weights": [
    0.12859094022398487,
    0.39554281688676285,
    0.21993793308152632,
    0.17499368261129947,
    0.08093462719542643
  ],
  "closeness_coefficients": [
    0.06920004943052892,
    0.9999999999980003,
    0.5642386370148015
  ],
  "rank_order": [
    1,
    2,
    0
  ],
  "recommended_method": "percent",
  "method_metrics": {
    "rank": {
      "mean_closeness": 0.28898773382200316,
      "std_closeness": 0.1339152986614372,
      "top1_frequency": 0.0,
      "worst_case_cvar": 0.0702980786622913,
      "divergence_score": 0.49
    },
    "percent": {
      "mean_closeness": 0.9900000000000001,
      "std_closeness": 1.1102230246251565e-16,
      "top1_frequency": 1.0,
      "worst_case_cvar": 0.9899999999999999,
      "divergence_score": 0.8405061330889985
    },
    "rank_judges_choice": {
      "mean_closeness": 0.01,
      "std_closeness": 0.0,
      "top1_frequency": 0.0,
      "worst_case_cvar": 0.01,
      "divergence_score": 0.6294938669110017
    }
  },
  "dist_to_best": [
    0.4892425814350397,
    3.279242528067884e-16,
    0.30557027497060346
  ],
  "dist_to_worst": [
    0.03637259627934056,
    0.5002093649148355,
    0.3956627872675165
  ]
}