{
  "method_names": [
    "rank",
    "percent",
    "rank_judges_choice"
  ],
  "metric_names": [
    "mean_closeness",
    "std_closeness",
    "top1_frequency",
    "worst_case_cvar",
    "divergence_score"
  ],
  "performance_matrix": [
    [
      0.16884112629968925,
      0.0926877262365536,
      0.0,
      0.03501322257642345,
      0.332091098277424
    ],
    [
      0.7478567851317399,
      0.12719756976744181,
      0.954,
      0.4464683750332123,
      0.5437755338223607
    ],
    [
      0.2521432148682601,
      0.12719756976744184,
      0.046,
      0.05746069773222176,
      0.29498652411350745
    ]
  ],
  "weights": [
    0.11161415559583025,
    0.24923297705676814,
    0.33012768904534023,
    0.21524608096724734,
    0.09377909733381391
  ],
  "closeness_coefficients": [
    0.09820133122624365,
    0.9024817674083991,
    0.05629813351343403
  ],
  "rank_order": [
    1,
    0,
    2
  ],
  "recommended_method": "percent",
  "method_metrics": {
    "rank": {
      "mean_closeness": 0.16884112629968925,
      "std_closeness": 0.0926877262365536,
      "top1_frequency": 0.0,
      "worst_case_cvar": 0.03501322257642345,
      "divergence_score": 0.332091098277424
    },
    "percent": {
      "mean_closeness": 0.7478567851317399,
      "std_closeness": 0.12719756976744181,
      "top1_frequency": 0.954,
      "worst_case_cvar": 0.4464683750332123,
      "divergence_score": 0.5437755338223607
    },
    "rank_judges_choice": {
      "mean_closeness": 0.2521432148682601,
      "std_closeness": 0.12719756976744184,
      "top1_frequency": 0.046,
      "worst_case_cvar": 0.05746069773222176,
      "divergence_score": 0.29498652411350745
    }
  },
  "dist_to_best": [
    0.3929604531894185,
    0.042503472771990625,
    0.37483406568406613
  ],
  "dist_to_worst": [
    0.042791413381702816,
    0.3933480766597394,
    0.022361361172131958
  ]
}